Name,Ticker,"Sub-Sector","Market Cap","PE Ratio","PB Ratio","EV/EBITDA Ratio","Dividend Yield","Return on Equity","ROCE","EBITDA Margin","Net Profit Margin","5Y Historical Revenue Growth","5Y Historical EPS Growth","5Y Historical EBITDA Growth","Debt to Equity","Current Ratio","Promoter Holding","Pledged Promoter Holdings","Price Momentum Rank","Fundamental Score","Value Momentum Rank","Earnings Quality Rank","Price to Intrinsic Value Rank","Percentage Upside","Percentage Buy Reco’s","No. of analysts with buy reco","Percentage Sell Reco's","5Y CAGR","Face value","Book Value","1W Change in On Balance Volume","% From Upper Bollinger Band","Stochastic %K","ADX Rating – Trend Strength","1W Change in AD Line","William %R","MACD Line 1 – Trend Indicator","% From Parabolic SAR","% From Lower Bollinger Band","Super Trend","RSI Exponential – 14D","Stochastic %D"
Reliance Industries Ltd,RELIANCE,"Oil & Gas - Refining & Marketing","1649887.12098624","20.425714899241598","1.5194205555623252","9.577545781542295","0.4921235808875507","7.709406669173635","9.180696354929315","19.141469055341606","7.436605869555811","16.54559221173708","11.987244373509531","15.032627437029822","0.3710973545538768","1.097911516589254","49.6248060615747","0","20","7.71428571428571","42","39","81.05","37.84665579119086","100","25","0","1.6987518806174773","10","1085866","1.4217859373712893","-8.4940503800934","13.632365875109933","36.5458334494433","0.15174367811590417","-86.36763412489007","-19.2762706355127","-0.587084148728","0.8889332280831","1275.7785714285712","30.8707922789207","11.298343346737687"
HDFC Bank Limited,HDFCBANK,"Private Banks","1123714.5039544802","14.780666447984542","1.8468646412861085","7.844668487817003","2.1232902863169345","13.261197178569569","5.624655522961891","21.462024566485635","15.34443523621885","26.020497798089792","11.339243512483632","19.20347798567761","0",,"0","0","11","5.66612903225806","40","33","74.37","32.13703099510603","95.1219512195122","39","0","-1.6836605089945778","1","608444.4299999997","-8.391920542107169","-1.9198499971904","79.67359050445113","30.577496295525","-1.005524842796098","-20.326409495548866","0.73755215976314","-2.7225410383024","6.1140726246897","695.7785714285715","55.8343750158681","77.1760633036598"
Bharti Airtel Ltd,BHARTIARTL,"Telecom Services","1120341.72906792","41.9679091772274","5.717096810261101","11.039819799494973","1.3053050843126666","15.279235305615318","17.992433945322713","55.77223183625287","12.465387154887162","13.763504304166263",,"23.804675889288184","0.9971846783634087","0.5169768093535053","50.07232168556429","0","34","7.06666666666667","27","76","69.2","30.50296852245995","96.875","31","3.125","19.72567758120618","5","195963.39999999997","-2.080074018925523","-5.2266175490322","0.36934441366582743","37.0245292970284","-2.475899356368213","-99.63065558633417","-22.9007880407596","-4.9986033874203","0.17213126403350001","1898.1357142857144","36.5256610492431","8.508336888407522"
ICICI Bank Limited,ICICIBANK,"Private Banks","958003.6798562","17.67283393053385","2.5239092185909584","8.856075862002598","0.8969124618487645","15.306120864302533","7.05927151628981","25.66921087243955","17.367674237427114","14.108330983309902","22.549896680100723","23.96425795521855","0",,"0","0","42","5.50322580645161","51","57","70.52","31.180283388604167","100","42","0","12.911828424629546","2","379571.37000000017","-0.4613144243959792","-9.2093956395187","12.09150326797381","40.5219118458752","-0.8666710669077204","-87.90849673202618","-22.8598260893314","0.0749906261717","2.0771692361534","1377.957142857143","23.2460854036036","7.214426257854025"
State Bank of India,SBIN,"Public Banks","903215.9307901","10.84308714713588","1.4688846631030439","4.376165791447249","1.773122125702606","14.875290160579159","4.9719390916861155","16.67842266104627","11.688702204312452","13.085292664294679","29.59267960062335","26.6281283216355","0",,"55.46779876740635","0","44","5.48870967741936","64","31","70.21","29.70498474059003","85","34","0","17.401119809735867","1","614899.1500000013","-0.28602587167994725","-7.246521595039999","27.932960893854723","34.52123946403","-4.778989230563551","-72.06703910614527","-14.9221806898648","-0.8008921330089","1.7624570353359001","1020.35","34.9262099691774","27.824058860043085"
Tata Consultancy Services Ltd,TCS,"IT Services & Consulting","755094.8650066","15.344337837971958","6.960811086179688","9.975065237936187","5.270723526593195","48.18628242977934","55.47803381204627","26.62780972872601","18.130372149744126","10.160127596869728","9.337078833162082","8.32187070680439","0.10401187337524659","2.2278129822372525","71.76605361484792","0","8","5.65","35","98","37.89","15.27377521613833","64.1025641025641","25","10.256410256410257","-11.66663406113294","1","108477.99999999999","-10.431141914712946","-13.7395610162048","15.408915408915435","30.3241759564854","0.6039031426832424","-84.59108459108457","-56.39662988283","-7.372846730089099","2.2030871384235","2238.1071428571427","25.1144365651933","9.022907371963962"
Bajaj Finance Ltd,BAJFINANCE,"Consumer Finance","610936.449705","32.125147020963446","5.222324483051496","38.51839228771142","0.6106569354965542","17.61502035707916","5.073954423884139","32.711805337075496","23.19025348889276","25.176265126472753","32.97976429140217","33.536664282023864","3.719369846905865","0.48499259068371603","54.674123576734814","0","56",,"47","10","54.1","20.373156786036716","81.25","26","6.25","5.047307600205175","1","116985.53999999998","-1.5699333415724","-9.932380957192901","23.854166666666643","33.9848915010436","-2.73945613439421","-76.14583333333336","-16.1885444709301","-3.9138943248532003","-0.7447228539863","1070.2214285714285","33.363106485828","30.318910256410266"
Larsen and Toubro Ltd,LT,"Construction & Engineering","530875.3225557599","33.00644445537223","4.130346398478304","14.734940961612045","0.9846760811623421","13.187157812350435","16.4640328844288","13.85173057393924","5.515108884035309","14.583854397351882","7.229864383920037","5.053307926870354","0.9763957119580836","1.253968597893894","0","0","47","4.17301587301587","50","53","43.36","16.84123626231877","82.75862068965517","24","3.4482758620689653","16.98978554624886","2","128530.46000000006","0.04015442786802459","-5.2139090379456","34.634589196550074","23.3731992624541","-0.38960796682179377","-65.36541080344992","-36.1679195468028","1.2437680398845998","1.5261401155633","4046.6214285714286","41.1279180085755","39.41896349870631"
Hindustan Unilever Ltd,HINDUNILVR,"FMCG - Household Products","454293.4705077","30.205682879501328","9.269781882706905","22.469966461662157","2.1205068528575124","30.501840453471512","29.022106591472056","28.453731683676377","21.43793830891157","8.087065628971946","12.748566111672922","11.094832237562757","0.03015834149526608","1.223294102514631","61.900675301370775","0","12","6.45555555555556","12","82","62.51","25.842812290905343","72.97297297297297","27","2.7027027027027026","-6.382020678366496","1","49008","0.06722138808124499","-3.7090082473779","36.80738786279697","39.3652865103339","-0.9226958873735092","-63.19261213720302","-28.3929567333075","-0.0155134967421","1.2031314721076","2009.307142857143","40.8894574877829","28.633547223710323"
Sun Pharmaceutical Industries Ltd,SUNPHARMA,"Pharmaceuticals","443852.9761003","38.6651046917266","5.2915397222297065","22.627830078230502","0.8649116168441537","14.682786230150613","18.019188866699082","29.82724956440272","18.613080338308198","12.41299222832013","31.64065991195688","29.65499745807836","0.055166122355648696","2.8229235736476457","54.47840969866746","0.8971040004472572","50","4.38285714285714","32","65","42.45","16.888025051290356","93.33333333333333","28","3.3333333333333335","19.175966882479223","1","83879.73999999999","0.17233940606537926","-5.6340744008814","30.32581453634093","29.5404877605329","-0.6764618917916891","-69.67418546365907","-18.3726849850566","-2.0974505856476","2.4283720485352","1923.5785714285712","43.2547764133574","29.619081208444626"
Titan Company Ltd,TITAN,"Precious Metals, Jewellery & Watches","428793.68588875","84.52467689508181","27.30648193904031","51.69168682738163","0.31133853970656744","37.12811505104841","38.429314329738055","9.992398198259528","5.755811974539637","32.19678875202776","39.06379506655555","35.82715471764939","1.9500095523148444","1.2761289674063276","52.89583698849282","0","72","4.55294117647059","42","85","35.16","12.438574938574938","85.29411764705883","29","0","18.469194462224813","1","15703","0.5260840999558684","-6.7685977071207","43.75","39.574749903528","1.5477880849736343","-56.25","-31.8310639511328","-3.0008028904055","1.3400029993248999","5064.678571428572","36.667569340813","34.44097077787021"
Adani Enterprises Limited,ADANIENT,"Commodities Trading","416489.10022681","44.59451127599424","4.670299094530449","20.134923635498804","0.04033952244812792","12.824652743210207","9.677240299663099","22.89536220179619","8.327020101265521","22.7227462701191","56.0371319597698","53.63597983546651","1.1956030758621077","1.034737087787345","71.96707464291428","0.5688019096379126","84","3.26052631578947",,"33","70.62","29.847419852563004","100","4","0","15.529341130330465","1","89178.25","-0.09421471724493355","-8.283969546029999","7.506152584085385","29.6020902593818","-0.7409697220669808","-92.49384741591462","-15.2349945721085","-4.1670797395988","3.6678255051201","3098.414285714286","37.7980983551853","18.91151588193787"
Adani Ports and Special Economic Zone Ltd,ADANIPORTS,"Ports","411325.81776594","32.11924665970182","4.148758690901576","18.69230588131137","0.4200974626113258","15.591941973991979","11.654566817925234","60.85797862326262","31.149582189911552","23.140630340492784","18.47387184219411","18.617680466793974","0.6378193564512173","1.3943110400466998","66.0314488360765","0","70","5.8","53","45","38.91","15.212527964205817","95.83333333333333","23","0","19.142187399702593","2","99144.31","-0.0716943742849562","-3.1678313223670997","74.06340057636886","29.7966853512952","1.1964197534047298","-25.936599423631137","23.0090464644463","-0.2904216699246","10.2170032001431","1675.4714285714285","57.3519325268937","78.14584456414973"
Infosys Limited,INFY,"IT Services & Consulting","410907.35406055","13.9574508852089","4.404293321977662","8.504785691976917","4.727419868649406","31.071240105540898","39.63183806366828","24.764991364798984","16.089893535622938","12.24982605269771","9.527672278393617","8.53257965951264","0.09835257296590458","1.977925155766217","13.81521028412919","0","3","5.68461538461538","35","94","41.84","18.476304739052186","57.5","23","2.5","-10.725990543746589","5","93297","-14.468147070593377","-13.3046690340087","7.269653423499592","24.6403497899013","0.9488920704571161","-92.73034657650041","-27.1450491826351","-0.0591074770959","2.769549945905","1056.4428571428573","24.5291803065253","5.981811683696435"
Kotak Mahindra Bank Ltd,KOTAKBANK,"Private Banks","402889.191759","20.88820501574045","2.2231328880308316","11.13051619056394","0.1604709768776163","11.388847539830069","5.935058144604729","24.309663567640623","17.350168114531975","14.53250930288994","13.584291024588957","14.671810002392371","0",,"25.86988264579852","0","52",,"56","37","34.75","13.861386138613861","81.08108108108108","30","2.7027027027027026","-0.08000563370907932","1","181225.87","-1.175953831539859","-5.4491223268271005","17.803030303030276","45.3124632729094","-5.321649516621864","-82.19696969696972","1.98686490833586","-3.3874045801527","-0.4532902481353","424.47499999999997","33.5113735506185","14.56639205749437"
Maruti Suzuki India Ltd,MARUTI,"Four Wheelers","376968.686226","25.679940476582946","3.5179330214462423","13.796243758395933","1.1676396997497915","14.43438962969812","17.221692863262597","13.885443983172912","7.809960379594041","20.665147652268836","26.297382716633244","25.28013180386268","0.0009565466519467356","1.0679053294663956","58.65297909424877","0","19","6.7","32","64","75.48","33.44384583506009","89.47368421052632","34","2.6315789473684212","11.655569004086196","5","107156.30000000002","0.8845275177793074","-11.2241649392461","10.48951048951049","57.9852448861108","-2.5659472815817224","-89.5104895104895","-382.627604042076","-2.3217922606925","2.4228478236629","12646.357142857143","24.0627821460883","9.186530137423233"
Axis Bank Limited,AXISBANK,"Private Banks","369425.5140471","14.001425592607127","1.7116223643790482","7.631653772224192","0.08413529980508393","13.07137880372597","5.2640370133812","21.072991231533802","16.265663534653267","15.778066985839946","28.309372196158698","26.088354369448208","0",,"7.871363203865448","0","46","4.67258064516129","59","21","73.86","28.844895287958106","95.1219512195122","39","0","8.902198637608482","2","215833.54000000007","-0.9742711907582559","-8.2207653245916","48.916408668730696","36.2679288652388","-3.7300911700843153","-51.083591331269304","-7.60861521710808","-5.6536259541985","-1.6971155458951","1278.5285714285712","24.4678586007855","32.70620857265876"
Mahindra and Mahindra Ltd,M&M,"Four Wheelers","358252.35231912","20.951839001986663","3.1854915069451697","10.827847133416295","1.0294362554568415","16.63012736567924","17.39170769920771","20.631112341750836","8.37976615939535","21.49596952358861","56.44166760722597","27.207353275399004","1.191167270238875","1.267368174075544","18.14012207651018","0.0032166524010411143","27","7.15","47","58","79.33","35.27182866556837","97.14285714285714","34","0","31.24237678345645","5","112463.76000000004","-0.43586543251567555","-10.5741880623622","32.863849765258216","57.2143893164402","-7.54242070425384","-67.13615023474179","-78.0719506285741","-1.3135256749603001","1.4268676047032","3171.114285714286","16.5798403723529","13.193422558568644"
HCL Technologies Ltd,HCLTECH,"IT Services & Consulting","336489.14855304","20.21927343787045","4.474768256087875","11.39395259288004","4.354907604424621","22.975081107199557","27.580865931849292","20.752768200252138","12.638789738293058","11.529118105323178","8.349045303513769","5.432576309662229","0.06935117092437199","2.2164896625400616","60.881229906934685","0","15","5.91410256410256","35","85","15.3","1.8282988871224166","39.39393939393939","13","12.121212121212121","-1.5210559926176814","2","75197","-0.7173332029476575","-7.884160541207801","66.06574761399786","20.2980731139003","0.517540054648211","-33.93425238600214","-12.6273325255117","-3.5968992248062","3.8591632137332","1317.4214285714288","40.6622910058689","47.40717810302283"
ITC Ltd,ITC,"FMCG - Tobacco","335817.8577708","16.231341729430483","4.608260475149787","10.554234399064809","5.4099948869752215","28.881596102936687","36.541371772527924","36.52332182582998","25.33259215134805","9.489264615785785","10.297056123359694","8.715646677405386","0.032921100291987346","3.038748099599275","0","0","4","6.66666666666667","39","93","46.2","18.21561338289963","53.125","17","3.125","3.5843602401948615","1","72873.02000000002","1.7539717744949805","-1.2371121117597","84.64419475655424","43.2400811314423","0.7127415546590796","-15.355805243445753","-1.642089219377","1.2275731822474","4.463878008770901","271.28928571428565","56.5856844789385","85.01872659176018"
UltraTech Cement Ltd,ULTRACEMCO,"Cement","325250.1466016","39.831555959067565","4.029739983100498","19.948803819998002","2.174405734753698","10.563174214680158","11.907792273039359","19.579692406608025","9.165706578497185","14.330538631597012","7.922482059571334","7.436222298571904","0.2943175797931521","0.7419594640529444","59.328922165319916","0","27","5.23378378378378","23","43","63.93","26.08695652173913","89.1891891891892","33","5.405405405405405","8.201435598625784","10","80712.44","-0.09779204860827224","-5.4696227755873","70.58823529411765","28.448091318891","-2.189629863848254","-29.411764705882355","-155.567338165562","-0.7718542451982999","4.4754667523961","11410.57142857143","49.1397560769116","62.22207320449991"
NTPC Ltd,NTPC,"Power Generation","316693.11593644","11.706603153289967","1.499827262443841","10.113944808993303","2.7556644213104717","13.449739723305218","8.673407663854306","30.14000029569308","14.033759330218876","10.273986628397157","13.304463769307207","8.262748409619558","1.2834508768189294","0.8245307298867606","51.103608008372824","0","24","5.11428571428571","52","19","73.35","32.118799755052045","96.42857142857143","27","0","21.323227916786713","10","211153.05999999994","0.3172070190749765","-2.6443340589032998","22.142857142857306","33.0848594251103","1.0863719183504346","-77.85714285714269","-3.32858065541359","-2.1549622774913","0.9024289373998","338.9214285714286","41.6068052360906","20.136668385766054"
JSW Steel Limited,JSWSTEEL,"Iron & Steel","310785.34798896","13.926570531858756","2.945190602891881","7.79851829893771","0.6981956556127867","23.83513214741553","19.149095520793285","23.49750339332703","10.935088226502742","20.46837126153358","22.703405268940212","18.351819533992987","0.9406669636003525","1.490911973708866","44.29458763322311","5.138123299271298","54","5.27313432835821","68","69","26.75","9.631949882537196","65.625","21","9.375","14.140909339338137","1","105523","-0.02154704089563241","-5.6076699269967","46.2962962962963","29.0873521190077","-0.3826518210292408","-53.70370370370371","-5.86776094874062","-0.3365949119374","3.2083100537079003","1322.3857142857141","47.1511785640887","51.54320987654321"
Eternal Limited,ETERNAL,"Online Services","308840.93840435","843.8277005583334","9.971295593076228","117.82332504007297",,"1.1944584958308178","2.8730385164051357","4.6700143472022955","0.6563845050215208","92.33705388194475",,,"0.14825816033319342","2.7679830747531735","0","0","65","4.66666666666667","57","17","34.14","13.432835820895523","90.625","29","9.375","19.642928358420363","1","30973","0.2229837484646889","-1.661342559167","72.02380952380956","34.2656081424809","1.6481875150129395","-27.97619047619044","5.49451760268278","-1.9005847953216","7.4762355183174005","316.80357142857144","61.133660236777","80.109126984127"
Bajaj Auto Ltd.,BAJAJ-AUTO,"Two Wheelers","308000.1416304","28.666615938296033","7.657805205176873","20.37563204847247","1.361190143552258","28.495765170204127","26.26124994832903","24.00155657923445","16.357799468321026","17.502117802082285","18.035425778383395","19.359090761562882","0.5647168776457332","1.7608609092074943","55.01181300729775","0.004945297644842605","73","7.85","56","87","16.82","3.7142097331796826","71.05263157894737","27","13.157894736842104","24.247907780739062","10","40220.42","0.11248307800289838","-8.9006317312604","11.510791366906476","46.4024398810957","-0.995898818485972","-88.48920863309353","-70.686249418035","-2.7370394154503","0.6668829933875","11743.42857142857","27.6499561560739","8.47907633564545"
Oil and Natural Gas Corporation Ltd,ONGC,"Oil & Gas - Exploration & Production","300668.6730234","7.258254028748289","0.733887246145214","4.046211359550507","3.033472994803874","10.568409053683983","13.101206682736583","18.916407094997766","6.638292436085788","14.639152718558801","20.500928474387315","14.21077172951939","0.42548049604328386","0.8407980296030146","58.892707957279974","0","19","10","57","51","55.02","24.0142457389977","81.48148148148148","22","3.7037037037037037","11.624424752348727","5","409693.2799999999","0.6146044821888442","-0.07901283415850001","38.70696893366931","29.8175304747832","1.9296927743781895","-61.29303106633069","-0.444393555610816","2.934272805971","3.5577907284205996","242.10214285714287","63.0156265249263","50.4058214385671"
Bharat Electronics Ltd,BEL,"Electronic Equipments","286543.3300968","47.268777647113176","11.935754533726216","32.261669903419985","0.6377551020408164","27.554564241748334","31.91151944313179","30.58885993610196","21.514657437108127","14.633893365227424","23.631452600133308","20.885223533465712","0.002726688810079001","1.975958156132578","51.13591014779525","0","29","6","46","91","64.64","27.048659636640828","100","31","0","41.860625047631395","1","24007.14","-0.11525886488305795","-6.5244867511089","33.77581120943952","18.6766112851695","-0.06969965460640967","-66.22418879056048","-3.55103777278498","-2.1589916385873003","1.9137858317993","409.9392857142857","39.0542370288947","34.70993117010814"
Bajaj Finserv Ltd,BAJAJFINSV,"Insurance","281971.46662033","28.769751016514753","2.000290189331231","26.879549515513506","0.08514425274216386","7.276160227611386","5.095476872600517","18.714780064463646","6.510246246284531","19.964262279749832","16.893086838965043","22.149759510455127","3.0497861601097793","0.23804713982610431","58.707925840801664","0.006270344616065812","40",,"49","37","82.37","38.904573687182385","84.61538461538461","11","15.384615384615385","-0.8968679103928845","1","140965.28000000003","-0.02125815950274635","-14.453362146639801","7.339449541284404","48.5456027427968","-29.3656430940721","-92.66055045871559","-44.7366873563665","-3.4356164383562002","-0.44369620798369996","1876.0499999999997","19.8909750617379","7.056591939214948"
Nestle India Ltd,NESTLEIND,"FMCG - Foods","260515.264632","74.45250312424973","50.51711850796106","47.8853479890882","0.8882309400444117","76.33928863620008","56.07759408924561","22.342688134865423","14.419699686433319",,,,"0.0861280945981846","0.9641353179745568","62.76474573916975","0","58",,"63",,"44.88","17.239101717305157","59.375","19","3.125","6.52841373996107","1","5156.970000000001","-0.08952318535148182","-8.2396628596972","36.208991494532164","37.2891221912907","-16.026057682198637","-63.791008505467836","-25.4654921419551","-3.0081125708953","1.5387657899843","1445.2285714285713","34.358893138562","38.888113610610496"
Coal India Limited,COALINDIA,"Mining - Coal","260067.1353994","8.363822920523349","2.1492339950416746","4.115932184862909","6.279620853080568","27.826601101956776","19.993246500283334","28.87510281561956","16.8528133432019","14.495900755575919","19.61238142689745","18.953098585831608","0.11629461598020638","1.8487976716781713","61.1329296392007","0","33","8.375","61","91","30.5","10.537432527575682","70.83333333333333","17","8.333333333333334","20.733663899746357","10","121004.57","0.7163226952669925","-3.3066654676058","61.72607879924962","29.4504406537175","5.44212195321478","-38.27392120075038","2.23523312244578","-1.5743440233236001","6.0185163873827","401.09285714285716","53.3781625217987","54.659161976235204"
Power Grid Corporation of India Limited,POWERGRID,"Power Transmission & Distribution","247768.08573816","15.555553962572702","2.465500545038945","10.733625613499923","3.3783783783783785","16.492245369100058","9.546140851516425","72.15548484558356","31.903512802506473","3.764699681127448","5.762651442846334","0.19506874027070964","1.4734268294345443","0.6248255782289659","51.33950841176025","0","22","5.75625","44","22","49.65","18.738404452690165","65.21739130434783","15","4.3478260869565215","15.325305938713463","10","100494.02999999997","-0.7306292301951652","-1.698908308033","59.55555555555545","23.2040639604201","-3.7453474679302476","-40.44444444444454","-1.19688233321557","-0.708162504659","1.8890440512180002","274.9321428571429","48.6440031161774","52.44444444444424"
Tata Steel Ltd,TATASTEEL,"Iron & Steel","234715.360033882","21.745246147478355","2.2616529417041646","9.052334466426924","2.126858518198118","11.063077262647669","11.591232492595829","14.922794354828248","4.59029663224923","8.294208100150978","6.812265209552937","2.7199523299405337","0.8901645733854499","0.7456342312916411","32.944958375701354","0","35",,"59","6","42.15","17.039953184018728","56.25","18","12.5","8.121847448375652","1","103780.45000000001","0.39231126995292614","-1.0388881775701","66.75347222222214","19.2496773601241","11.5414040109411","-33.24652777777786","0.111258718555433","1.7039000378645","3.6721531114565997","180.20285714285714","55.5010513388755","75.96012205387201"
Shriram Finance Limited,SHRIRAMFIN,"Consumer Finance","232951.458366","23.23900041160556","3.5339265959117134","33.98213587745579","0.8723236226696188","16.380897504918973","4.200630711768764","29.047043480696743","20.800184260462956","22.547596198403674","20.927264989425232","32.59556452346564","3.8030540398391413","3.574688757485878","20.299537128055732","0","75",,"70","11","54.31","21.718137008349256","87.5","28","0","29.672324607233126","2","65918.59000000003","-0.010359799316576762","-10.2850761977443","29.25170068027215","35.9917429512853","-2.1707852148703957","-70.74829931972785","-22.5488982350602","-2.8459273797841","3.1449130024991003","1054.8428571428572","32.249722645826","30.205055455680537"
Asian Paints Limited,ASIANPAINT,"Paints","229374.82046465","53.03034909652393","10.41903378811382","30.505759584346418","1.1499928009345395","20.56066414365348","24.422497766108854","20.364966565614562","11.859069178154877","10.594700400523749","6.61982461514381","7.444313419964943","0.1784662080092737","2.2091029579633643","52.62576741341325","5.019009374489905","44","4.66960784313725","29","81","61.6","23.54746317512275","58.064516129032256","18","9.67741935483871","-6.654867707275214","1","22014.98","0.42617777471867685","-9.441984569746701","40","46.3353685860607","-53.64397263717168","-60","-58.728477011462","-1.0304268772369","1.6148132499897","2530.628571428572","26.2311880492716","25.949565614190558"
Hindalco Industries Ltd,HINDALCO,"Metals - Aluminium","219633.5112582","16.401576525890523","1.607917648949083","9.61236483990781","0.5054746232212555","10.288265031730665","9.631330750486475","11.072253950910588","4.812976454477819","15.847966740796116","30.78840669711449","13.201472811361059","0.7259782568908086","1.2104644276407832","34.660702382605336","0","62","6.63125","75","21","44.17","18.526100307062435","64.28571428571429","18","7.142857142857143","15.333947128363112","1","136595","-0.358205067614198","-5.6890928616995","27.105263157894726","22.1222839020392","0.49639509863294384","-72.89473684210527","-9.76903669323804","2.5433250769597002","2.447679137399","1037.6928571428573","44.4559167500582","41.05263157894731"
Grasim Industries Limited,GRASIM,"Cement","214763.56587615","43.24261164368951","1.2642353823807033","12.764932181300647","0.3168975953735456","3.0311130836464715","6.588289111903379","21.121321626716686","2.809090256068557","17.819010315932672","2.288821309868072","13.568547145275534","1.3412237437546448","0.9453717313908551","43.737967479107134","0","63","4.15675675675676","66","18","51.47","19.868379818238797","100","10","0","14.473669125647248","2","169876.25000000006","-0.05545348562859145","-6.5967307929536005","32.56043413912189","28.7708796197645","-6.052788061909542","-67.43956586087812","-25.0747887334542","1.328","1.6561720484359","3322.1000000000004","39.9318680966085","27.712822940400944"
Eicher Motors Ltd,EICHERMOT,"Trucks & Buses","201440.0123905","36.52431764232858","8.02545054075374","24.814941975066002","1.1166482994647005","23.774264688132604","26.432207130692525","31.192554851918317","21.466804712769406","22.788473416508293","32.46880823296596","28.746056969401536","0.020475973251155872","1.9017293062472385","49.02227863398261","0","52","5.54166666666667","33","85","37.49","14.517663043478262","68.57142857142857","24","2.857142857142857","20.21880292486513","1","25100.15","-0.4646920035187636","-9.237768676008699","11.470281543274243","46.4016622637623","-9.00054995386311","-88.52971845672576","-121.900227530116","-2.9658327603533","1.4286060163637","7620.285714285715","23.2092450191128","9.865764651034796"
Interglobe Aviation Ltd,INDIGO,"Airlines","189079.965933","-79.0501132710394","27.06013194221023","14.676813856829959",,"-29.248697693756405","4.076491516006664","16.52512361277752","-2.6721138957966195","41.68430694426672",,"69.69484805118344","11.12705727452271","1.51365786104361","41.569747859900545","0","41","10",,"0","42.05","15.68825910931174","83.33333333333333","20","4.166666666666667","18.22665872448912","10","6987.400000000009","0.6106422711526788","-6.4057350127614","65.79310344827586","34.6907256770675","-0.152069641024467","-34.206896551724135","-62.6479854873387","-2.1999999999999997","3.1010236382383","5073.892857142857","41.8932317220678","69.33333333333333"
SBI Life Insurance Company Ltd,SBILIFE,"Insurance","176097.5903115","71.28591276828757","9.226532029314681","61.47690311083241","0.15379817077049077","13.69674270577613","0.5505752412406997","2.4612187411689628","2.1619363205914386","6.658774776369714","11.097456568259467","10.085599275712752","0","1.5496429809185284","55.32073128935199","0","26",,"38","50","74.87","34.902411021814004","97.14285714285714","34","0","7.347475378918111","10","19086","-1.7928610264200853","-2.3457723172295","64.33212996389885","42.8033163627097","0.9341044077243541","-35.66787003610115","-10.1059261681526","0.6076587938546","5.5478611971467","1786.542857142857","56.0607543510316","75.25517641041101"
Wipro Limited,WIPRO,"IT Services & Consulting","161894.294060124","12.2671355009414","1.8340972169241816","5.900928305073283","7.126411570450604","15.449369641041605","18.69515106856284","22.492576929532113","13.672746712196211","8.450660406147348","5.475779172289852","4.7983657728585705","0.22987633285449507","2.0493264423458455","72.58807113968005","0","4","4.69871794871795","42","62","22.19","7.608828191683935","29.62962962962963","8","22.22222222222222","-13.476953939292347","2","88269.20000000001","-0.173579480808966","-10.9869440491507","15.935178933153365","22.5000661616194","2.428929379043236","-84.06482106684663","-4.09509376528229","-1.4216867469880001","3.0097169325703","171.44142857142853","28.7167215002167","9.85913085845562"
Tech Mahindra Limited,TECHM,"IT Services & Consulting","151238.5468155","31.43664320927475","5.028378721797387","16.542742554736634","2.986400472896575","16.62695032029406","19.932103074109765","15.466169897251062","8.462846960189848","8.025653538617107","1.3854290736748487","2.998757911080552","0.07268677062207003","1.9020313847215036","34.96725160003241","0","45","4.52307692307692","48","73","24.62","8.527131782945736","67.56756756756756","25","13.513513513513514","0.4352116334898737","5","30077","0.010325912956253534","-6.2511828262391","36.98224852071005","22.4176347288015","0.8115183377570822","-63.01775147928995","-11.6495994279574","-1.0072496311028","2.9296206542402","1631.9785714285717","42.1350179062565","37.96844181459564"
Jio Financial Services Limited,JIOFIN,"Consumer Finance","150023.37767456","96.11338181469667","1.1208020470318356","86.6485228347638","0.25408606531103284","1.2130556307125728","1.2173393970843993","49.840933191940614","40.078673236463914",,,,"0.16262813720573352","0.6587675145815549","49.126424226627556","0","15",,"8","8","72.04","31.277533039647576","100","3","0",,"10","133853.58999999997","0.10659856361602521","-6.1261086994641","14.937759336099553","31.8859758402869","-0.5911869686013774","-85.06224066390044","-3.8405144582259","-2.9059829059829","1.6267556118961999","237.26071428571424","34.8090834350535","25.393017097678094"
Trent Ltd,TRENT,"Retail - Apparel","143972.72127","83.72210698107166","20.255139487279052","38.04477894475772","0.09876522659687306","27.09962399498242","28.989538120524717","18.968996605250847","8.516091011962102","48.51737557797846",,"64.99282718665933","0.36033545489845187","1.2638781185864798","37.00569538453372","0","40","7.15","27","87","61.9","27.805042520510987","80","20","4","32.307940851906494","1","7107.96","-1.3966754121087326","-7.1971051919319","11.180422264875322","38.1298169619228","-19.812037818740524","-88.81957773512468","-45.5887893279623","-5.1933003265564","-0.6354911302257","2857.214285714286","26.7787984939719","14.457413866531036"
Apollo Hospitals Enterprise Limited,APOLLOHOSP,"Hospitals & Diagnostic Centres","127802.99237445","65.8201536666066","12.806552670419357","33.77614819004917","0.22500984418068287","18.42036609256193","19.810209215680022","15.655213037502449","7.624975456508931","19.0122532418018","66.25241175322141","26.248523235648904","0.8505335938674282","1.0645703793991945","28.019074385662723","0.6989994766965991","59","5.37692307692308","34","69","32.22","12.498593767577905","86.66666666666667","26","3.3333333333333335","13.439761628434876","5","9979.500000000002","-0.054731582434115265","-1.6012108708586","56.837098692033294","23.8311608544587","-1.9498142517955892","-43.162901307966706","32.4629482924065","-2.0065046028334","3.1739721046911002","8538.285714285714","52.0015786072704","71.37100030130252"
HDFC Life Insurance Company Ltd,HDFCLIFE,"Insurance","114445.26955543","59.84629641243627","6.447787917626605","52.1027678455008","0.39594655534497813","11.280739590657888","0.5422958725283482","2.220108033825811","1.9143014934758948","6.776585321370154","5.659314488813871","5.717226988282054","0.17459607403910185","1.0286953638229417","50.535273713239604","0","7","7.55714285714286","37","37","80.75","37.47645951035781","100","33","0","-6.0589280744326235","10","17749.53999999998","-2.204814818554236","-7.0763344114603","37.98977853492336","28.7583709098592","3.5464761968481846","-62.01022146507663","0.694791411768733","-7.1378216425801995","2.8959987269177","514.3464285714285","39.4914381910837","52.98126064735947"
Cipla Ltd,CIPLA,"Pharmaceuticals","113019.3967353","29.134492343918755","3.2740037941596007","16.140332367899518","0.9291479609995218","11.789272337469876","14.939573926551244","16.26579548112188","9.723957744526498","6.962590569483473","9.998161106620728","7.5073694319459205","0.017780003847018444","3.442724767201961","29.125254345102867","0","37","5.07214285714286","39","55","25.13","8.951918268200325","62.857142857142854","22","8.571428571428571","7.662220393190111","2","34520.24","0.09189330704517931","-2.2060301843255004","72.22946544980451","34.8568896460093","0.33139553988456855","-27.770534550195492","-10.8917043984329","0.32269630692010004","3.8140767530210997","1416.5285714285715","58.7972893138622","66.62869449437305"
Tata Motors Passenger Vehicles Ltd,TMPV,"Four Wheelers","108648.26813","1.3187069805801674","0.9142245008498678","1.3928413306351775","1.0167794553137164","68.20477160217884","39.661398708140204","24.629190081714217","19.323864116107362","10.989365890112769",,"37.75380424433816","0.6656653371703607","0.8390310702656645","42.5082814062335","0","14","3.83",,"7","57.65","25.667068342227584","47.82608695652174","11","26.08695652173913","8.576829070902935","2","118842","-0.7822382114307641","-7.523352021765301","7.620528771384107","40.6860064875914","-1.4757443448500183","-92.3794712286159","-6.92026297621283","-2.5759577278732","0.3860444701191","316.13571428571424","31.777625891171","8.177949336761586"
Max Healthcare Institute Limited,MAXHEALTH,"Hospitals & Diagnostic Centres","101808.2522546","70.58204827656485","9.473504927088774","44.36855954904312","0.19117016930344777","14.332728853558578","12.739981503596272","27.614698567373523","16.8978230028573","26.651663195340692",,"52.59530272264526","0.32366983882389183","0.88927451141778","23.712219035800082","0","34","6.05","23","47","28.77","14.398422090729783","83.33333333333333","20","4.166666666666667","22.676370196968687","10","10746.629999999997","-3.5738592862161744","-2.7265875904168997","40.567951318458455","30.4649348509052","-0.4989486619407789","-59.43204868154155","6.0245058216733","-2.4093507889355","7.1962424853873","1003.5714285714284","55.1841971211728","66.90331304935778"
Dr. Reddy's Laboratories Limited,DRREDDY,"Pharmaceuticals","99991.954545","23.830303752383227","2.615474774200974","12.893237900783358","0.6677793018832323","11.629985739686216","14.478035014424051","22.31210082116788","11.963959854014595","12.58756654978308","16.44939378389598","13.203074833558048","0.20229971044364636","1.8020289716612732","26.635064776048377","0","21",,"33","46","14.99","2.8309741881765196","50","15","16.666666666666668","4.623478005609538","1","38230.899999999994","8.895578723945723","-1.0627715881653","77.17391304347827","38.1375007627795","-25.733888140295413","-22.82608695652174","4.54527167064339","-0.45609088647479995","6.9441107652501","1135.9785714285713","63.4556945463737","80.65217391304353"
Tata Consumer Products Ltd,TATACONSUM,"Tea & Coffee","97613.63511025","63.29095189668026","4.209505560439365","33.21849729106858","1.0137536409563446","6.919376677353276","8.338610074013964","14.292194483529975","7.506530433254765","11.71533344669642","11.162976708513405","12.43182278857169","0.12158898712571466","1.5682900209164314","33.83170160320516","0","25","6.21791044776119","17","35","77.81","36.79820992676972","85.18518518518519","23","3.7037037037037037","3.5339909584122475","1","23188.860000000004","-0.20858432999550422","-5.5272190488148","9.732360097323623","49.1719440214715","-1.3442186187297291","-90.26763990267638","-18.7064427894946","-2.7586070907442","1.3277927654805999","1034.4142857142856","37.5196803941755","14.741372160189792"