Name,Ticker,"Sub-Sector","Market Cap","Close Price","PE Ratio","Return on Equity","PB Ratio","Free Cash Flow","Total Debt","Cash and Equivalent","Operating Cash Flow","5Y Historical EBITDA Growth","5Y Historical EPS Growth","5Y Hist Op. Cash Flow Growth","5Y Historical Revenue Growth","Face value","5Y CAGR","Days of Sales Outstanding","Days of Inventory Outstanding","Price to Intrinsic Value Rank","Earnings Quality Rank","Value Momentum Rank","Fundamental Score","Price Momentum Rank","Percentage Upside","Percentage Buy Reco’s","Percentage Hold Reco's","Total no. of analysts","Percentage Sell Reco's","No. of analysts with buy reco","Financing Cash Flow","Reserves & Surplus","Capital Expenditure","Total Current Assets","Total Equity","Common Shares Outstanding","Share Capital","Total Current Liabilities","Total Assets","Total Receivables"
Reliance Industries Ltd,RELIANCE,"Oil & Gas - Refining & Marketing","1649887.12098624","1226","20.425714899241598","7.709406669173635","1.5194205555623252","69197","402962","243408","192113","15.032627437029822","11.987244373509531","48.10639701633783","16.54559221173708","10","1.6987518806174773","16.90481604815404","79.22763762501751","81.05","39","42","7.71428571428571","20","37.84665579119086","100","0","25","0","25","-51549","797380","122916","594249","1085866","1353.2472634","13532","541254","2177546","58491"
HDFC Bank Limited,HDFCBANK,"Private Banks","1123714.5039544802","735.6","14.780666447984542","13.261197178569569","1.8468646412861085","109616.41",,"311926.05","113506.38","19.20347798567761","11.339243512483632","21.72349455561935","26.020497798089792","1","-1.6836605089945778",,,"74.37","33","40","5.66612903225806","11","32.13703099510603","95.1219512195122","4.878048780487805","41","0","39","-59004.85","442748.04000000004","3889.97","311926.05","608444.4299999999","1539.3368328","1539.34","3099638.29","4915597.499999999",
Bharti Airtel Ltd,BHARTIARTL,"Telecom Services","1120341.72906792","1785.4","41.9679091772274","15.279235305615318","5.717096810261101","75515.40000000001","195411.69999999998","44077.4","122229.6","23.804675889288184",,"20.452789119120453","13.763504304166263","5","19.72567758120618","13.152074482640112","9.475211972042871","69.2","76","27","7.06666666666667","34","30.50296852245995","96.875","0","32","3.125","31","-52292.6","57606.2","46714.2","90215.4","195963.39999999997","609.3282313","3046.8","174505.7","545372.7000000001","7977.6"
ICICI Bank Limited,ICICIBANK,"Private Banks","958003.6798562","1326.8","17.67283393053385","15.306120864302533","2.5239092185909584","63595.43",,"264980.72","67325.42","23.96425795521855","22.549896680100723","-13.373579842736072","14.108330983309902","2","12.911828424629546",,,"70.52","57","51","5.50322580645161","42","31.180283388604167","100","0","42","0","42","-4660.55","299324.12","3729.99","264980.72","379571.37","716.0378658","1432.23","1830020.12","2921596.21",
State Bank of India,SBIN,"Public Banks","903215.9307901","983","10.84308714713588","14.875290160579159","1.4688846631030439","29734.43",,"401843.20999999996","38097.39","26.6281283216355","29.59267960062335","-15.781244669553306","13.085292664294679","1","17.401119809735867",,,"70.21","31","64","5.48870967741936","44","29.70498474059003","85","15","40","0","34","-3427.14","491128.2700000001","8362.96","401843.20999999996","614899.1500000001","923.0617586","923.06","6043097.12","8336527.87",
Tata Consultancy Services Ltd,TCS,"IT Services & Consulting","755094.8650066","2082","15.344337837971958","48.18628242977934","6.960811086179688","47948","11283","46678","52094","8.32187070680439","9.337078833162082","6.068571239102627","10.160127596869728","1","-11.66663406113294","85.23117053455307","212.2093023255814","37.89","98","35","5.65","8","15.27377521613833","64.1025641025641","25.641025641025642","39","10.256410256410257","25","-42133","106878","4146","135705","108478","361.8087518","362","60914","181167","67714"
Bajaj Finance Ltd,BAJFINANCE,"Consumer Finance","610936.449705","996.9","32.125147020963446","17.61502035707916","5.222324483051496","-66750.90000000001","435112.49","15755.32","-65789.8","33.536664282023864","32.97976429140217",,"25.176265126472753","1","5.047307600205175","8.503859658493115",,"54.1","10","47",,"56","20.373156786036716","81.25","12.5","32","6.25","26","67432.87","84981.13","961.1","24804.980000000003","116985.54000000001","621.7876336","621.79","51145.07","559952.36","1908.08"
Larsen and Toubro Ltd,LT,"Construction & Engineering","530875.3225557599","3876.2","33.00644445537223","13.187157812350435","4.130346398478304","11931.780000000002","125496.59","80372.53","16740.97","5.053307926870354","7.229864383920037","-6.215250324645982","14.583854397351882","2","16.98978554624886","71.4486385106536","31.405501882567332","43.36","53","50","4.17301587301587","47","16.84123626231877","82.75862068965517","13.793103448275861","29","3.4482758620689653","24","-2156.43","108794.61","4809.19","292841.13","128530.46","137.563219","275.13","233531.47000000003","452382.77","60461.26"
Hindustan Unilever Ltd,HINDUNILVR,"FMCG - Household Products","454293.4705077","1942.9","30.205682879501328","30.501840453471512","9.269781882706905","9638","1478","7495","10999","11.094832237562757","12.748566111672922","3.7201421002321267","8.087065628971946","1","-6.382020678366496","18.724485432464792","56.77832612222823","62.51","82","12","6.45555555555556","12","25.842812290905343","72.97297297297297","24.324324324324323","37","2.7027027027027026","27","-10810","8158","1361","19021","49008","234.9591262","235","15549","79738","3379"
Sun Pharmaceutical Industries Ltd,SUNPHARMA,"Pharmaceuticals","443852.9761003","1852.2","38.6651046917266","14.682786230150613","5.2915397222297065","8809.810000000001","4627.32","32536.53","12419.18","29.65499745807836","31.64065991195688","15.015492376073404","12.41299222832013","1","19.175966882479223","84.4997068453872","330.181297813173","42.45","65","32","4.38285714285714","50","16.888025051290356","93.33333333333333","3.3333333333333335","30","3.3333333333333335","28","-2512.55","82142.75","3609.37","63860.28999999999","83879.73999999999","239.933497","239.93","22622.04","108407.20000000001","15509.67"
Titan Company Ltd,TITAN,"Precious Metals, Jewellery & Watches","428793.68588875","4884","84.52467689508181","37.12811505104841","27.30648193904031","4688","30621","4166","5590","35.82715471764939","39.06379506655555","6.194806103820039","32.19678875202776","1","18.469194462224813","4.108149812224151","161.13752645337982","35.16","85","42","4.55294117647059","72","12.438574938574938","85.29411764705883","14.705882352941176","34","0","29","-2159","15472","902","50781","15703","89","89","39793","60561","916"
Adani Enterprises Limited,ADANIENT,"Commodities Trading","416489.10022681","2916.5","44.59451127599424","12.824652743210207","4.670299094530449","-31012.210000000003","106621.79","14316.07","2356.91","53.63597983546651","56.0371319597698","-10.23207390120302","22.7227462701191","1","15.529341130330465","36.05636785263298","89.5889645577544","70.62","33",,"3.26052631578947","84","29.847419852563004","100","0","4","0","4","28484.47","41933.89","33369.12","60958.69","89178.24999999999","129.2382416","129.24","58912.24999999999","260868.38","12542.61"
Adani Ports and Special Economic Zone Ltd,ADANIPORTS,"Ports","411325.81776594","1788","32.11924665970182","15.591941973991979","4.148758690901576","5035.9400000000005","63236.159999999996","9738.16","20356.25","18.617680466793974","18.47387184219411","21.922453713706492","23.140630340492784","2","19.142187399702593","48.00837249872179","142.88837707204723","38.91","45","53","5.8","70","15.212527964205817","95.83333333333333","4.166666666666667","24","0","23","-5483.4","64298.409999999996","15320.31","21974.83","99144.31","230.3959098","790.15","15760.349999999999","183098.52999999997","6382.54"
Infosys Limited,INFY,"IT Services & Consulting","410907.35406055","1000.2","13.9574508852089","31.071240105540898","4.404293321977662","31259","9176","35151","33986","8.53257965951264","9.527672278393617","7.912711735795264","12.24982605269771","5","-10.725990543746589","66.22073322694183","0","41.84","94","35","5.68461538461538","3","18.476304739052186","57.5","40","40","2.5","23","-39786","90548","2727","103489","93297","404.6940812","2024","52322","154288","35234"
Kotak Mahindra Bank Ltd,KOTAKBANK,"Private Banks","402889.191759","404","20.88820501574045","11.388847539830069","2.2231328880308316","40668.54",,"102091.11","41726.51","14.671810002392371","13.584291024588957","53.59544534104157","14.53250930288994","1","-0.08000563370907932",,,"34.75","37","56",,"52","13.861386138613861","81.08108108108108","16.216216216216218","37","2.7027027027027026","30","-2538.43","154301.96000000002","1057.97","102091.11","181225.87000000002","994.646495","994.65","566940.33","1004892.4",
Adani Power Ltd,ADANIPOWER,"Power Generation","384691.08997534","202.75","29.973671331926177","20.63963357063907","5.780183413138975","-2836.4399999999987","54518.770000000004","8417.67","20513.65","17.198861024694544","58.82360921770575","23.939888697436995","15.501844397744136","2","60.27572497392606","78.2585481311073","43.42731182987395","63.32","59","79",,"82","25.0308261405672","80","20","10","0","8","6554.93","50808.42","23350.09","28688.08","66553.44","1928.4694705","4008.46","20328.21","141468.52999999997","11791.37"
Maruti Suzuki India Ltd,MARUTI,"Four Wheelers","376968.686226","12065","25.679940476582946","14.43438962969812","3.5179330214462423","8702.300000000001","102.5","17004.4","19099.9","25.28013180386268","26.297382716633244","16.61562267340706","20.665147652268836","5","11.655569004086196","11.536631451483757","24.454305283038277","75.48","64","32","6.7","19","33.44384583506009","89.47368421052632","7.894736842105263","38","2.6315789473684212","34","-4484","93740.70000000001","10397.6","38957.4","107156.30000000002","31.4402574","157.2","36480.2","148880.30000000002","5342"
Axis Bank Limited,AXISBANK,"Private Banks","369425.5140471","1222.4","14.001425592607127","13.07137880372597","1.7116223643790482","-10846.71",,"109351.57","-8636.71","26.088354369448208","28.309372196158698",,"15.778066985839946","2","8.902198637608482",,,"73.86","21","59","4.67258064516129","46","28.844895287958106","95.1219512195122","4.878048780487805","41","0","39","60357.67","158713.43","2210","109351.57","215833.53999999998","310.8172638","621.63","1333791.44","1947264.71",
Mahindra and Mahindra Ltd,M&M,"Four Wheelers","358252.35231912","3035","20.951839001986663","16.63012736567924","3.1854915069451697","2051.91","133963.15","52783.45","11657.36","27.207353275399004","56.44166760722597","-8.228760203290097","21.49596952358861","5","31.24237678345645","15.51230658774781","62.776486594098635","79.33","58","47","7.15","27","35.27182866556837","97.14285714285714","2.857142857142857","35","0","34","5391.04","89480.37000000001","9605.45","147139.62","112463.76000000001","111.7569576","3531.54","116098.56","316053.68","9064.27"
HCL Technologies Ltd,HCLTECH,"IT Services & Consulting","336489.14855304","1258","20.21927343787045","22.975081107199557","4.474768256087875","18553","5215","30385","19975","5.432576309662229","8.349045303513769","0.3613308217559563","11.529118105323178","2","-1.5210559926176814","79.53276652945912","22.11400651465798","15.3","85","35","5.91410256410256","15","1.8282988871224166","39.39393939393939","48.484848484848484","33","12.121212121212121","13","-19369","74615","1422","70542","75197","271.3665096","543","31826","115112","31541"
ITC Ltd,ITC,"FMCG - Tobacco","335817.8577708","269","16.231341729430483","28.881596102936687","4.608260475149787","16281.420000000002","2399.06","23759.43","18464.31","8.715646677405386","10.297056123359694","8.068073408885713","9.489264615785785","1","3.5843602401948615","19.31230137618639","173.45991863186117","46.2","93","39","6.66666666666667","4","18.21561338289963","53.125","43.75","32","3.125","17","-16147.12","54909.850000000006","2182.89","50708.409999999996","72873.02","1252.9468231","1252.95","16687.27","93637.19999999998","3922.86"
UltraTech Cement Ltd,ULTRACEMCO,"Cement","325250.1466016","11155","39.831555959067565","10.563174214680158","4.029739983100498","5638.09","23755.09","5119.969999999999","15315.86","7.436222298571904","7.922482059571334","4.1461661110653525","14.330538631597012","10","8.201435598625784","24.416218874959252","95.8081255825378","63.93","43","23","5.23378378378378","27","26.08695652173913","89.1891891891892","5.405405405405405","37","5.405405405405405","33","-5953.57","65016.98","9677.77","25101.75","80712.44","29.467741","294.68","33831.7","141315.1","6028.75"
Hindustan Aeronautics Ltd,HAL,"Aerospace & Defense Equipments","319286.5605","4800","35.02638997981478","23.97902821486902","7.779015034864512","8357.23","65.82","46196.79","10906.38","18.781668545681086","22.987940081064508","-6.500403286652623","9.760981813665271","5","48.23221089960508","43.178263918698","429.1961954290463","47.82","87","45",,"61","18.572916666666668","85.18518518518519","3.7037037037037037","27","11.11111111111111","23","-3350.39","40706.73","2549.15","117818.76000000001","41044.600000000006","66.8775","334.39","46288.17","134395.39","4066.31"
NTPC Ltd,NTPC,"Power Generation","316693.11593644","326.6","11.706603153289967","13.449739723305218","1.499827262443841","6852.029999999999","271004.58","8053.78","50901.81","8.262748409619558","13.304463769307207","9.425768644485878","10.273986628397157","10","21.323227916786713","67.53694166209077","64.0920315011909","73.35","19","52","5.11428571428571","24","32.118799755052045","96.42857142857143","3.5714285714285716","28","0","27","-11328.36","185444.96","44049.78","94733.51","211153.06","969.6666134","9696.67","114893.85","558442.47","36616.27"
JSW Steel Limited,JSWSTEEL,"Iron & Steel","310785.34798896","1277","13.926570531858756","23.83513214741553","2.945190602891881","10498","99262","41507","25152","18.351819533992987","22.703405268940212","5.959482411340189","20.46837126153358","1","14.140909339338137","17.594768151237034","114.41052451307117","26.75","69","68","5.27313432835821","54","9.631949882537196","65.625","25","32","9.375","21","-16111","92028","14654","103435","105523","305.6182814","353","69377","269658","11260"
Eternal Limited,ETERNAL,"Online Services","308840.93840435","335","843.8277005583334","1.1944584958308178","9.971295593076228","-1119","4592","6614","632",,,,"92.33705388194475","1","19.642928358420363","12.142664992826397","13.225694871479522","34.14","17","57","4.66666666666667","65","13.432835820895523","90.625","0","32","9.375","29","-842","-3067","1751","15700","30973","919.3892179","919","5672","40722","1764"
Bajaj Auto Ltd.,BAJAJ-AUTO,"Two Wheelers","308000.1416304","11281","28.666615938296033","28.495765170204127","7.657805205176873","1874.28","22713.149999999998","10883.55","2596.6","19.359090761562882","18.035425778383395","-3.6052386335462927","17.502117802082285","10","24.247907780739062","15.555979226731507","36.190430536668494","16.82","87","56","7.85","73","3.7142097331796826","71.05263157894737","15.789473684210526","38","13.157894736842104","27","5079.45","38343.68","722.3199999999999","34051.81","40220.42","27.9497838","279.5","19338.16","76913.98","3473.44"
Oil and Natural Gas Corporation Ltd,ONGC,"Oil & Gas - Exploration & Production","300668.6730234","235.86","7.258254028748289","10.568409053683983","0.733887246145214","71437.76","174316.49999999997","35285.87","112719.34","14.21077172951939","20.500928474387315","19.025097474986907","14.639152718558801","5","11.624424752348727","12.650882833194146","108.56069333700444","55.02","51","57","10","19","24.0142457389977","81.48148148148148","14.814814814814815","27","3.7037037037037037","22","-56330.73","365477.66","41281.58","142932.47","409693.27999999997","1258.028","6290.14","169996.2","785602.09","22014.47"
Bharat Electronics Ltd,BEL,"Electronic Equipments","286543.3300968","393.55","47.268777647113176","27.554564241748334","11.935754533726216","556.0099999999999","65.46","8572.03","1541.37","20.885223533465712","23.631452600133308","-21.262269408503798","14.633893365227424","1","41.860625047631395","142.44547780497967","239.74448489865722","64.64","91","46","6","29","27.048659636640828","100","0","31","0","31","-2096.86","23257.33","985.36","38057.29","24007.140000000003","730.9778829","730.98","19260.170000000002","44527.19","12875.76"
Bajaj Finserv Ltd,BAJAJFINSV,"Insurance","281971.46662033","1771","28.769751016514753","7.276160227611386","2.000290189331231","-56749.590000000004","429913.95999999996","17618.04","-55301.41","22.149759510455127","16.893086838965043",,"19.964262279749832","1","-0.8968679103928845","21.39789832187776",,"82.37","37","49",,"40","38.904573687182385","84.61538461538461","0","13","15.384615384615385","11","66610.32","62791.68000000001","1448.18","54966.57000000001","140965.28000000003","160.0549988","159.87","230906.24000000002","758494.74","9332.08"
Nestle India Ltd,NESTLEIND,"FMCG - Foods","260515.264632","1362.6","74.45250312424973","76.33928863620008","50.51711850796106","4217.860000000001","444.1600000000001","1340.87","5047.56",,,,,"1","6.52841373996107","5.20907056260269","101.94988851860137","44.88",,"63",,"58","17.239101717305157","59.375","37.5","32","3.125","19","-3179.49","4964.14","829.7","4590.469999999999","5156.97","192.831432","192.83","4761.2300000000005","13182.49","329.47"
Coal India Limited,COALINDIA,"Mining - Coal","260067.1353994","426.1","8.363822920523349","27.826601101956776","2.1492339950416746","30714.96","14072.18","56761.840000000004","43214.6","18.953098585831608","19.61238142689745","32.47290527380606","14.495900755575919","10","20.733663899746357","26.55654596210488","1409.738515585616","30.5","91","61","8.375","33","10.537432527575682","70.83333333333333","20.833333333333332","24","8.333333333333334","17","-11800.66","112938.83","12499.64","126062.95000000001","121004.56999999999","616.2728327","6162.73","68186.44999999998","283956.06","14120.59"
Divi's Laboratories Ltd,DIVISLAB,"Labs & Life Sciences Services","254902.930516","9619.5","99.26126577725856","16.18657421998109","15.208097996300936","218","7","3414","2738","5.795425248973229","5.292630364240258","7.05738260737383","9.494096332094525","2","13.493494979266574","94.24301978856057","263.06635926222935","5.57","70","44","6.59375","87","-11.596236810645044","60.869565217391305","26.08695652173913","23","13.043478260869565","14","-804","16628","2520","11096","16761","26.546858","53","2043","20019","2984"
Hindustan Zinc Ltd,HINDZINC,"Mining - Diversified","248089.605085","588.95","17.935917082489876","76.9406202197191","10.963348141102125","11746","8728","13673","17008","11.43204753462066","11.604124477034272","9.986734472566749","11.424452180096868","2","12.793172633208894","2.2426768278161466","281.8634939287113","33.54","99","69","6.4375","61","12.82791408438746","69.23076923076923","7.6923076923076925","13","23.076923076923077","9","-7901","21784","5262","16600","22629","423","845","11274","42370","399"
Power Grid Corporation of India Limited,POWERGRID,"Power Transmission & Distribution","247768.08573816","269.5","15.555553962572702","16.492245369100058","2.465500545038945","3656.220000000001","148070.59999999998","9171.63","40935.36","0.19506874027070964","5.762651442846334","6.842081248489373","3.764699681127448","10","15.325305938713463","71.78342057686892","1972.2996288149577","49.65","22","44","5.75625","22","18.738404452690165","65.21739130434783","30.434782608695652","23","4.3478260869565215","15","-4006.26","85684.15","37279.14","33615.11","100494.03","930.0603819","9300.6","53799.19","294673.69999999995","11672.59"
Avenue Supermarts Ltd,DMART,"Retail - Department Stores","247038.16378875","3834.2","83.16411224705352","12.946397245879517","10.098705267551862","-646.6100000000006","2424.99","305.78","3466.74","22.09034872328466","21.856807101357646","20.313641398415427","23.133388083284444","10","-2.8138606705334634","0.8029806731534611","33.40137455590846","30.19","58","8","10","10","10.166397162380683","33.333333333333336","43.333333333333336","30","23.333333333333332","10","288.18","17644.690000000002","4113.35","7477.780000000001","24462.360000000004","65.1959123","651.96","3782.2599999999998","29517.550000000003","149.34"
Tata Steel Ltd,TATASTEEL,"Iron & Steel","234715.360033882","187.97","21.745246147478355","11.063077262647669","2.2616529417041646","20505.41","92381.68000000002","11061.07","35064.46","2.7199523299405337","6.812265209552937","-4.57978514643348","8.294208100150978","1","8.121847448375652","7.898490091469801","156.69835011231174","42.15","6","59",,"35","17.039953184018728","56.25","31.25","32","12.5","18","-21387.12","69632.13","14559.05","72265.11","103780.45000000001","1248.0159071","1247.44","96917.64","296514.62","4916.89"
Shriram Finance Limited,SHRIRAMFIN,"Consumer Finance","232951.458366","994.1","23.23900041160556","16.380897504918973","3.5339265959117134","-13477.67","250691.96","7943.13","-13281.43","32.59556452346564","20.927264989425232",,"22.547596198403674","2","29.672324607233126","0.3885343511925573",,"54.31","11","70",,"75","21.718137008349256","87.5","12.5","32","0","28","8586.79","47972.84","196.24","17029.71","65918.59","188.1565371","376.31","4763.97","321374.52","51.78"
Asian Paints Limited,ASIANPAINT,"Paints","229374.82046465","2444","53.03034909652393","20.56066414365348","10.41903378811382","5600.860000000001","3928.93","7359.51","7088.18","7.444313419964943","6.61982461514381","13.987794258733445","10.594700400523749","1","-6.654867707275214","43.90981544394706","131.40422586718788","61.6","81","29","4.66960784313725","44","23.54746317512275","58.064516129032256","32.25806451612903","31","9.67741935483871","18","-2376.51","21275.67","1487.32","20184.64","22014.979999999996","95.919779","95.92","9137.03","34518.75","4461.8"
Hindalco Industries Ltd,HINDALCO,"Metals - Aluminium","219633.5112582","977","16.401576525890523","10.288265031730665","1.607917648949083","-19846","99165","22692","10250","13.201472811361059","30.78840669711449","-9.868284768873758","15.847966740796116","1","15.333947128363112","30.865875705808566","110.81280343065907","44.17","21","75","6.63125","62","18.526100307062435","64.28571428571429","28.571428571428573","28","7.142857142857143","18","20087","128126","30096","141030","136595","222.0383327","222","116509","344681","27222"
Grasim Industries Limited,GRASIM,"Cement","214763.56587615","3191","43.24261164368951","3.0311130836464715","1.2642353823807033","-33435.87","227842.05999999997","32325.71","-17809.61","13.568547145275534","2.288821309868072",,"17.819010315932672","2","14.473669125647248","20.777083947255747","85.50035043206373","51.47","18","66","4.15675675675676","63","19.868379818238797","100","0","10","0","10","33522.91","68685.47","15626.26","113066.26999999999","169876.25","68.0580576","147.11","119599.8","569134.11","10969.56"
Adani Green Energy Ltd,ADANIGREEN,"Renewable Energy","210855.01960155","1296.6","127.63621041256054","6.29909250362236","7.05696374047157","-15962","103545","4393","10135","35.187339017993445","50.08569183382448","44.639357586063475","31.65617291779124","10","2.3966594507239147","47.035157347569545","21626.25","67.78","5","44","4.83333333333333","81","27.25590004627488","100","0","9","0","9","15615","4527","26097","11461","29879","164.7176155","1647","20150","142988","2129"
Eicher Motors Ltd,EICHERMOT,"Trucks & Buses","201440.0123905","7360","36.52431764232858","23.774264688132604","8.02545054075374","3529.58","513.95","3088.0099999999998","4804.84","28.746056969401536","32.46880823296596","23.227774600491546","22.788473416508293","1","20.21880292486513","6.415441248019802","47.945487067596346","37.49","85","33","5.54166666666667","52","14.517663043478262","68.57142857142857","28.571428571428573","35","2.857142857142857","24","-1982.87","24600.24","1275.26","9554.25","25100.15","27.4314204","27.43","5023.98","32163.56","353.51"
TVS Motor Company Limited,TVSMOTOR,"Two Wheelers","196317.42199098002","4157.3","65.04173565878483","29.950985183424763","18.325397885436757","-1368.49","32791.01","5021.12","1866.59","29.70066090080259","38.40699649824222","10.147042460948864","23.570558994252554","1","50.568828801644415","14.221141765967163","25.686037834974623","17.83","73","33","4.975","61","3.4325162966348306","79.41176470588235","11.764705882352942","34","8.823529411764707","27","909.33","9544.76","3235.08","31469.43","10712.86","47.5087114","47.51","32067.68","56145.619999999995","2654.13"
Indian Oil Corporation Limited,IOC,"Oil & Gas - Refining & Marketing","192430.11544514098","135.7","4.57119267709628","20.210807851909877","0.853170388417484","72139.7","131822.38999999998","11551.2","76142.08","13.551993214456814","13.665617940271346","8.92829649298983","16.512954828443995","10","11.662654304488784","7.624221660789325","66.42307003865197","36.47","71","65","5.57142857142857","30","14.959469417833466","62.96296296296296","25.925925925925927","27","11.11111111111111","17","-52671.57","205666.05","4002.38","157207.87","225547.11","1412.1238383","13771.56","211602.89999999997","529352.0599999999","14634.83"
Interglobe Aviation Ltd,INDIGO,"Airlines","189079.965933","4940","-79.0501132710394","-29.248697693756405","27.06013194221023","21759.800000000003","77749.19999999998","49743.1","23469.9","69.69484805118344",,,"41.68430694426672","10","18.22665872448912","2.730566038157416","12.726458828301558","42.05","0",,"10","41","15.68825910931174","83.33333333333333","12.5","24","4.166666666666667","20","-21276.1","2466.8999999999996","1710.1","57929.2","6987.400000000001","38.6612998","386.6","38271","136002.1","599.6"
Torrent Pharmaceuticals Ltd,TORNTPHARM,"Pharmaceuticals","187464.2978296","4988.5","86.65383074998739","17.186298435940923","10.66056924232989","2345.32","15025.5","2030.94","3022.71","11.520393177997068","11.561313866855283","8.552857490556963","18.92972988193997","5","26.33534009779823","46.596524077971694","292.99462912709186","30.4","80","36","3.31285714285714","69","10.253583241455347","81.48148148148148","18.51851851851852","27","0","22","10150.6","8219.2","677.39","9391.89","17584.83","33.844544","169.23","8343.33","43613.69","3030.86"
Solar Industries India Ltd,SOLARINDS,"Commodity Chemicals","176274.62714","19745","105.07861294149204","30.129548707835614","26.91667717326574","-1118.25","1524.02","584.14","620.87","38.68587629157334","43.431057650739334","11.723461665054668","31.473518029269876","2","57.93412794878772","56.702876482918406","97.74071514243744","44.48","94","43","4.90267857142857","84","16.48518612306913","76.47058823529412","17.647058823529413","17","5.882352941176471","13","209.46","6109.97","1739.12","5037.46","6548.9","9.0490055","18.1","2448.890000000001","10732.71","1857.86"
SBI Life Insurance Company Ltd,SBILIFE,"Insurance","176097.5903115","1742","71.28591276828757","13.69674270577613","9.226532029314681","34337.67","0","3207.94","34522.67","10.085599275712752","11.097456568259467","7.65212211263353","6.658774776369714","10","7.347475378918111","0",,"74.87","50","38",,"26","34.902411021814004","97.14285714285714","2.857142857142857","35","0","34","-178.8","17835.3","185","12385.630000000001","19086","100.3092121","1003.09","7992.57","497816.63","0"
Samvardhana Motherson International Ltd,MOTHERSON,"Auto Parts","171132.50750375","165.71","44.33829248484345","9.555179260183479","3.919744280201607","5230.4","19169.699999999997","8328","11284","20.18892597920847","24.667927486123652","17.438902242896415","16.965342004084306","1","14.851820831151418","53.61830439048359","60.85635940884007","19.15","38","86","2.86440677966102","84","3.7957878220988426","81.81818181818181","9.090909090909092","22","9.090909090909092","18","-3274.8","9236.200000000004","6053.6","52128.6","43659.100000000006","1055.4442601","1055.4","49181.799999999996","109425.69999999998","19881"
Hyundai Motor India Ltd,HYUNDAI,"Four Wheelers","167432.219066","2115","30.826090546827643","29.916213825489937","8.36532859152776","3054.74","1097.56","10551.98","7321.13","15.336019220128883","23.62291205045004","6.187987792002003","11.62388556841627","10",,"11.656304140378827","25.056111873541425","33.43","93","50",,"44","10.189125295508275","88.88888888888889","7.407407407407407","27","3.7037037037037037","24","-1590.72","19202.48","4266.39","18476.71","20015.02","81.25411","812.54","11875.68","34404.259999999995","2193.7"
DLF Ltd,DLF,"Real Estate","165944.89677023998","683","37.58925242094913","10.030697452807825","3.6492764176096912","6218.1900000000005","305.89","8319.369999999999","6347.38","12.059720573084508","32.192722822197695","34.164501302109215","11.07468174567039","2","10.721532627188646","29.95157557831231","353389.3328100471","49.54","28",,"6.5","43","17.86237188872621","95.23809523809524","4.761904761904762","21","0","20","-5546.81","19907.159999999996","129.19","39422.25","45473.369999999995","247.5311706","495.06","25600.989999999998","73464.62","847.38"
Adani Energy Solutions Ltd,ADANIENSOL,"Power Infrastructure","163937.0464354","1338.5","71.82220089698315","9.215514091515624","6.180323884189034","-3435.119999999999","49176.43000000001","6183.66","10996.68","11.489418311338673","11.290746724625755","23.781151178049043","20.733272110130187","10","-2.7928184060176275","64.11857249879613","37.22202136776372","71.02","12","53","4.4375","85","30.96750093388121","66.66666666666667","33.333333333333336","9","0","6","2630.32","12277.449999999999","14431.8","17825.760000000002","26525.64","120.1282642","1201.28","15446.28","92756.75","5733.75"
Wipro Limited,WIPRO,"IT Services & Consulting","161894.294060124","164.02","12.2671355009414","15.449369641041605","1.8340972169241816","13371.300000000001","20291","54323.5","14931.6","4.7983657728585705","5.475779172289852","0.23823862213139257","8.450660406147348","2","-13.476953939292347","47.95769212439678","38.40269331016508","22.19","62","42","4.69871794871795","4","7.608828191683935","29.62962962962963","48.148148148148145","27","22.22222222222222","8","-14126","85297.70000000001","1560.3","82635.4","88269.20000000001","1048.8412458","2097.7","40323.2","140883.5","13590.1"
Tata Motors Ltd,TMCV,"Trucks & Buses","160993.13652268","441.5","53.13304835732013","26.04547212790648","12.64277811549238","12733","5615","13050","14981",,,,,"2",,"12.394779168329851","31.887087821546892","50.96",,,,,"19.479048697621742","85","15","20","0","17","-5223","11998","2248","23208","12734","368.2331373","736","30603","52309","2721"
Pidilite Industries Ltd,PIDILITIND,"Diversified Chemicals","155021.8135696","1517.2","63.302114225699455","23.31593070876939","14.030837574690118","2235.68","417.21","4218.73","2828.45","16.44644832037021","16.675346397633927","15.232170605313232","15.048109143017596","1","4.354670163319296","49.00686990860974","94.30663273702311","45.09","87","36","5.55555555555556","53","18.639599261798047","80","10","20","10","16","-1672.77","10608.97","592.77","8531.880000000001","11048.65","101.7766288","101.78","3585.37","15398.86","2181.1"
Tech Mahindra Limited,TECHM,"IT Services & Consulting","151238.5468155","1548","31.43664320927475","16.62695032029406","5.028378721797387","5476.3","2186.2000000000003","8440.9","6172","2.998757911080552","1.3854290736748487","-5.277164565965342","8.025653538617107","5","0.4352116334898737","79.95292212646862","127.40398638794362","24.62","73","48","4.52307692307692","45","8.527131782945736","67.56756756756756","18.91891891891892","37","13.513513513513514","25","-5130.5","27327.1","695.7","27574.699999999997","30076.999999999996","88.5605623","442.8","14497.5","49167.7","13357.7"
ABB India Ltd,ABB,"Heavy Electrical Equipments","151069.4805375","7052.5","90.55511763004571","22.37564707247278","19.278927172890725","979.56","84.82","5834.87","1219.51",,,,,"2","30.285814356861774","82.93550061268498","89.81392712394583","11.04","84","36","6.22727272727273","69","-0.4750088621056363","33.333333333333336","38.095238095238095","21","28.571428571428573","7","-966.23","7750.33","239.95","11749.710000000001","7835.99","21.1908375","42.38","5733.45","13638.480000000001","3176.33"
Jio Financial Services Limited,JIOFIN,"Consumer Finance","150023.37767456","227","96.11338181469667","1.2130556307125728","1.1208020470318356","-15438.64","21768.36","3598.29","-15438.64",,,,,"10",,"3.5449495325567004",,"72.04","8","8",,"15","31.277533039647576","100","0","3","0","3","21453.7","93933.45999999999","0","4236.58","133853.59","635.3141623","6353.14","6431.07","163466.98","60.7"
Varun Beverages Limited,VBL,"Soft Drinks","145870.0815225","434.8","48.03904558305806","16.647154007103502","7.3892128556376475","770.21","2508.18","1998.49","3509.31","35.54829912392869","54.71233265935287","28.235745990610628","23.756082789409906","2","28.56857455629229","17.3481546639126","101.33356311659583","66.87","68","34",,"31","27.644894204231825","84.61538461538461","15.384615384615385","26","0","22","-1266.47","9195.669999999998","2739.1","7889.41","19740.95","338.1988769","676.4","4073.94","25540.73","1249.03"
Trent Ltd,TRENT,"Retail - Apparel","143972.72127","2669.3","83.72210698107166","27.09962399498242","20.255139487279052","904.77","2561.25","930.53","2667.62","64.99282718665933",,"56.40357595808068","48.51737557797846","1","32.307940851906494","1.0311234861672018","66.06158691606895","61.9","87","27","7.15","40","27.805042520510987","80","16","25","4","20","-1147.61","5024.83","1762.85","4058.3","7107.96","53.322763662538996","35.55","3210.99","11728.58","51.14"
Cholamandalam Investment and Finance Company Ltd,CHOLAFIN,"Consumer Finance","143669.41225664","1662.7","27.456548884140034","19.334532855913743","4.7169060835973005","-30285.91","211069.61000000002","14695.08","-30020.8","27.54246763784891","27.217251330008807",,"26.899956461879036","2","23.612731805000674","3.077742826042773",,"48.43","2","57","3.68913043478261","68","20.88771275636013","84.375","12.5","32","3.125","27","35610.01","23856.190000000002","265.11","17987.82","30458.4","85.2691669","170.48","19588.55","245448.23","327.05"
Tata Capital Ltd,TATACAP,"Consumer Finance","141799.968165625","339.15","29.260636009497322","11.916742394780547","3.0101478553036656","-38960.01","236375.91999999998","3752.96","-37964.94","29.500941984803998","29.955550375503393",,"25.89536006258186","10",,"1.9380400082564357",,"53.6",,,,,"20.890461447736996","85.71428571428571","14.285714285714286","14","0","12","31848.34","23303.420000000002","995.07","8808.32","47107.310000000005","424.4869037","4216.69","27087.69","290503.54000000004","206.17"
Bosch Ltd,BOSCHLTD,"Auto Parts","140843.8775","48250","50.7874936896005","19.353420451175033","9.487502862878237","1858.8000000000002","118.8","2583.4","2175.3","34.551993068722695","41.901449150598104","21.109145453794497","15.977065563107828","10","25.896980168986495","43.72316936119414","57.09662714746227","33.64","78","53","4.79915254237288","81","12.020725388601036","80","20","5","0","4","-1550.1","14814.900000000001","316.5","12874.8","14845.2","2.949364","29.5","6570.900000000001","21679.699999999997","2772.7"
CG Power and Industrial Solutions Limited,CGPOWER,"Heavy Electrical Equipments","139696.77495903","886","115.80887774630054","19.7169308623491","17.0398286169646","-75.30999999999995","118.39","1429.22","702.45","0.8566093853502821","-10.028219829079843",,"19.82509043772447","2","51.36719773653067","71.09089462633555","56.31590856761756","30.6","81","51","2.82142857142857","67","11.738148984198645","78.94736842105263","5.2631578947368425","19","15.789473684210526","15","2793.88","3898.43","777.76","8002.28","8198.25","157.4963549","314.99","4198.05","12643.939999999999","2923.99"
Cummins India Ltd,CUMMINSIND,"Industrial Machinery","137851.56","4945","58.36839631629083","29.45457130456909","16.265363721746844","1482.55","36.51","3922.5","1734.26","27.75014695968878","30.04328640044207","17.06920683036519","22.207918572788053","2","37.81170437937338","70.9726610198309","50.78829250046755","54.91","92","32","6.14642857142857","58","23.073811931243682","72.22222222222223","22.22222222222222","18","5.555555555555555","13","-1495.05","8419.72","251.71","8110.18","8475.16","27.72","55.44","2439.7000000000003","11304.21","2754.27"
Union Bank of India Ltd,UNIONBANK,"Public Banks","136985.052617615","180.2","7.050106644118367","15.708455192803022","1.0257111901922846","-390.22",,"96043.36","-357.98","51.10703904324407","34.29964960309062",,"8.956347946505439","10","39.10275694492089",,,"29.79","48","75","5.25161290322581","57","10.987791342952283","78.57142857142857","21.428571428571427","14","0","11","77.29","100218.87999999999","32.24","96043.36","133551.28999999998","763.3605607","7633.61","1309758.69","1590293.1300000001",
Siemens Ltd,SIEMENS,"Conglomerates","136814.3756109","3877","49.72175302038813",,"9.877295840918608","-1087.9","306.6","5611.8","-535.4",,,,,"2","29.75608745061804",,,"13.07",,,"6.08888888888889","67","0.05158627805003869","41.666666666666664","50","24","8.333333333333334","10","-3302.1","13612.3","552.5","16578.7","13851.4","35.6120505","71.2","6113.599999999999","21213.100000000002","3902.4"
Punjab National Bank,PNB,"Public Banks","134605.35155481598","116.6","7.318415715961943","12.933101485668743","0.8934275060180569","24010.83",,"164121.97999999998","25635.41","41.15112940671581","39.99246099430573","-3.6980811618298692","9.753628953149729","2","25.20217345176463",,,"20.47","42","72","5.59838709677419","48","7.204116638078908","68.75","12.5","16","18.75","11","-11664.01","96743.92000000001","1624.58","164121.97999999998","150661.75000000003","1149.2943268","2298.59","1724795.42","2034985.87",
Bharat Petroleum Corporation Limited,BPCL,"Oil & Gas - Refining & Marketing","133235.50353648","308.5","5.1554844084857345","28.46910737578608","1.3300904234099022","31344.17","54424.42","20168.61","50768.99","9.864572841609466","8.722071301406187","16.700333948314917","14.119438674364805","10","8.265299903758994","5.680625038393597","46.83647005550067","42.65","86","69","5.65","39","16.693679092382496","59.25925925925926","29.62962962962963","27","11.11111111111111","16","-24939.7","91395.81","19424.82","83718.87","100170.26000000001","427.2584874","4272.58","105452.42","248616.02999999997","4980.48"
Apollo Hospitals Enterprise Limited,APOLLOHOSP,"Hospitals & Diagnostic Centres","127802.99237445","8889","65.8201536666066","18.42036609256193","12.806552670419357","893.6999999999998","8487.9","2133.3","2855.7","26.248523235648904","66.25241175322141","17.693338107485857","19.0122532418018","5","13.439761628434876","46.590712742980564","13.957663731631113","32.22","69","34","5.37692307692308","59","12.498593767577905","86.66666666666667","10","30","3.3333333333333335","26","-477.6","6544.500000000001","1962","6899.8","9979.5","14.3784657","76.9","6481.300000000001","22182.800000000003","3484.9"
Bajaj Holdings and Investment Ltd,BAJAJHLDNG,"Asset Management","121499.124867","10940","12.607894245155263","12.427495796568083","1.4741729692605423","4780.3099999999995","9.62","31.9","4780.33","21.56929258697815","21.43156471563199","77.45426278501857","21.269635938523844","10","17.47085985457455","0",,"72.64","52",,"8.65","45","31.13345521023766","100","0","1","0","1","-1156.48","72594.87","0.02","141.77","82418.5","11.129351","111.29","97.69000000000005","85187.41","0"
Bank of Baroda Ltd,BANKBARODA,"Public Banks","121165.01585396999","235.26","6.105132102110601","12.596244575735602","0.7239515690353592","31610.090000000004",,"160823.12","33426.12","28.332032233657635","64.7634437779443",,"11.854403565903171","2","24.754981218109773",,,"55.93","25","60","5.64032258064516","25","22.20521975686475","72.72727272727273","21.21212121212121","33","6.0606060606060606","24","-1805.61","133398","1816.03","160823.12","167366.18999999997","518.5029679","1035.53","1675895.11","2106204.6900000004",
LTM Ltd,LTM,"IT Services & Consulting","119722.219839","4083","23.858077726430324","21.436077506663928","4.96614027215371","3868.2000000000003","2310","14847.9","4798.8","22.044293168473427","8.823715949219668","14.867920619468066","27.974569472569534","1","-8.107631192838793","55.89288512050137","11.429671457905544","25.03","82","34","6.84871794871795","24","7.763899093803576","58.8235294117647","26.470588235294116","34","14.705882352941176","20","-2926.4","23333.300000000003","930.6","27697.2","24107.700000000004","29.6461217","29.6","9783.7","37148.5","7424.8"
Britannia Industries Ltd,BRITANNIA,"FMCG - Foods","117905.030892","4937.5","46.53858151877449","53.240238725675624","22.95712339306993","2406.0299999999997","1380.28","1990.96","2611.6","5.7825361039002265","6.306566908725175","7.126462382114562","7.574126236065037","1","4.0789307479813575","8.644995618204733","40.988900794216796","66.97","98","12","5.19701492537313","13","27.59493670886076","72.72727272727273","21.21212121212121","33","6.0606060606060606","24","-1782.62","4837.490000000001","205.57","4677.660000000001","5135.88","24.0868296","24.09","4179.99","9730.32","469.21"
Jindal Steel Ltd,JINDALSTEL,"Iron & Steel","117845.86937102","1164.8","34.99630851612231","6.784949629398591","2.2732192723865454","-2369.92","22609.55","6248.56","7204.23","-4.142576928319319","-1.3506068984627473","-9.642433890514868","8.903214895007295","1","26.530463299457363","10.49159010446968","77.07128678551284","21.78","24","39","6.10074626865672","38","7.057005494505498","78.57142857142857","14.285714285714286","28","7.142857142857143","22","2802.51","48836.920000000006","9574.15","22747.870000000003","51840.96000000001","101.18","101.75","18148.02","97634.94","1729"
Zydus Lifesciences Ltd,ZYDUSLIFE,"Pharmaceuticals","117735.37729096001","1203.9","23.360193906936477","18.019113130713677","3.9799398723205184","-554.9000000000001","12496","7192.4","2116.6","21.69126846543623","19.16860765901238","-8.460315298071098","27.837785133035652","1","16.373624870951886","33.543199045072726","203.2210246507137","13.48","71","64",,"64","-0.19935210565662353","55.55555555555556","33.333333333333336","27","11.11111111111111","15","5806.9","27010.8","2671.5","19906.1","29582.199999999997","100.623399","100.6","15711.899999999998","50672.6","5415.7"
Tata Power Company Ltd,TATAPOWER,"Power Transmission & Distribution","116134.61583571498","367.5","30.992454568814264","8.313776684910406","2.4429812955325065","5993.33","76141.27","15000.119999999999","5993.33","13.946479688812353","25.13753309660567","-6.406191250914562","13.874715639872747","1","21.4467906635601","27.952677280902098","49.39322990355675","39.11","18","43",,"27","14.285714285714286","63.63636363636363","22.727272727272727","22","13.636363636363637","14","7782.63","36040.11","0","30571.049999999996","47538.07","319.6991847","319.56","39223.56999999999","174564.24","4423.96"
Lodha Developers Ltd,LODHA,"Real Estate","115728.8774928","1165","33.757913042646265","15.683529594759051","4.934249622361879","709.0999999999999","9871","4116.4","959.3","34.025720300853045","189.43419963631825","-17.59098192168329","24.303936768880163","10","17.01627818888891","23.954809763729884","546998.8378906251","48.83","55","65","5.3375","74","19.141630901287552","88.88888888888889","11.11111111111111","18","0","16","1589.2","12671.300000000001","250.2","54420.200000000004","23454.200000000004","99.8915116","1023.9","31106.7","58679.600000000006","1472"
Siemens Energy India Ltd,ENRIN,"Power Generation","114506.9871777","3313","104.087798543496","50.22129600251998","26.135390678040757","3454.1","147.6","3462","3670.1",,,,,"2",,"44.18699571356531","82.55280223702998","58.66",,"25",,"46","20.73649260488983","69.23076923076923","23.076923076923077","13","7.6923076923076925","9","-55.3","4310.1","216","8577.7","4381.3","35.6120505","71.2","4359.099999999999","9545.2","1920.5"
HDFC Life Insurance Company Ltd,HDFCLIFE,"Insurance","114445.26955543","531","59.84629641243627","11.280739590657888","6.447787917626605","22337.97","3099","1990.23","22625.06","5.717226988282054","5.659314488813871","18.45084792193239","6.776585321370154","10","-6.0589280744326235","0",,"80.75","37","37","7.55714285714286","7","37.47645951035781","100","0","33","0","33","-274.64","11441.29","287.09","11478.08","17749.54","215.7819536","2157.82","11157.9","390502.48000000004","0"
Gail (India) Ltd,GAIL,"Gas Distribution","114307.759593555","172.7","15.075266976797108","8.688909675891232","1.2801616589226248","2442.3599999999988","24831.489999999998","2126.66","11248.65","7.582257591656627","4.755535485375351","4.57678803375281","19.154610967089948","10","11.165150071301056","24.019923469989255","17.38854089031492","34.25","33","73","4.25","53","14.07064273306312","70","30","30","0","21","-2750.1","82474.5","8806.29","19794.58","89291.66","657.5099643","6575.1","23314.28","140569.45999999996","8605.11"
Canara Bank Ltd,CANBK,"Public Banks","114199.4993634","124.99","6.389540989667024","15.930611129281843","0.9696202660303256","6652.179999999999",,"206330.43","7941.94","40.24508302860998","35.46611260655037","-33.06675613292438","10.400863502425683","2","31.705137421177376",,,"56.53","33","67",,"36","24.009920793663497","89.47368421052632","5.2631578947368425","19","5.2631578947368425","17","-4794.78","101971.5","1289.76","206330.43","117777.55","907.065126","1814.13","1568333.4","1887325.13",
Muthoot Finance Ltd,MUTHOOTFIN,"Consumer Finance","113426.88852428","2835","10.710420593530134","30.35886413226307","2.8517518157199375","-47545.380000000005","151806.49000000002","12867.84","-47392.65","22.671943814637487","22.701316826044703",,"21.994196538494837","10","13.501193169858272","0.13694763303171345",,"49.95","22","45","7.21739130434783","18","19.929453262786595","54.54545454545455","27.272727272727273","22","18.181818181818183","12","49319.56","37217.979999999996","152.73","15403.61","39774.45999999999","40.1468476","401.47","31728.03","195720.51000000007","11.6"
Cipla Ltd,CIPLA,"Pharmaceuticals","113019.3967353","1399.7","29.134492343918755","11.789272337469876","3.2740037941596007","860.71","613.77","8986.84","3940.02","7.5073694319459205","9.998161106620728","0.965516389054355","6.962590569483473","2","7.662220393190111","50.89977372270641","208.5557756555223","25.13","55","39","5.07214285714286","37","8.951918268200325","62.857142857142854","28.571428571428573","35","8.571428571428571","22","-1233.65","32563.25","3079.31","24145.86","34520.24","80.7782631","161.56","7013.589999999999","42342.71000000001","5620.05"
Power Finance Corporation Ltd,PFC,"Specialized Finance","111988.9532256","338","4.32373921518709","15.764604739098505","0.645688968074565","-4841.62","1012503.46","4672.68","-4504.5","16.593890618250672","17.130934453222714",,"10.009234792383648","10","25.603613158148985","0.9487748454599796",,"87.23","5","55","6.66363636363636","13","47.928994082840234","92.85714285714286","7.142857142857143","14","0","13","9264.84","126614.76999999999","337.12","67980.48000000001","173441.02000000002","330.010176","3300.1","74357.27","1244578.5500000003","326.57"
Tata Motors Passenger Vehicles Ltd,TMPV,"Four Wheelers","108648.26813","290.45","1.3187069805801674","68.20477160217884","0.9142245008498678","-23241","79109","48269","13041","37.75380424433816",,"-14.772244384788092","10.989365890112769","2","8.576829070902935","11.072059320205272","82.95919153166524","57.65","7",,"3.83","14","25.667068342227584","47.82608695652174","26.08695652173913","23","26.08695652173913","11","-1344","96921","36282","137857","118842","368.2377563","737","164305","379189","12619"
Vedanta Ltd,VEDL,"Metals - Diversified","104436.165724","266.35","6.005184619860848","28.4329273277201","1.5229036808842615","18623","32947","17874","39499","4.4483564517170615","7.3572986866102585","10.496210593070575","0.26477383388008313","1","19.415569770194494","9.731731402238314","107.37707827939175","48.13","93","75","5.8125","69","19.767223577998866","75","16.666666666666668","12","8.333333333333334","9","-13549","21837","20876","26810","68577","1044.83802","391","35023","232311","1305"
Indian Railway Finance Corp Ltd,IRFC,"Specialized Finance","104365.088916","79.95","14.88979278801912","12.811903283717736","1.8390725879472958","-27039.81","436471.15","977.81","-27026.41","9.67635222152332","8.66369489234351",,"11.630395435895347","10","29.093008171846368","4463.562092555216",,"2.33","1","41","5.52272727272727","3","-24.953095684803003","0","0","1","100","0","21560.07","41800.24","13.4","480670.39","56748.759999999995","1306.8506","13068.51","23456.57","516676.48","383942.01"
Indian Hotels Company Ltd,INDHOTEL,"Hotels, Resorts & Cruise Lines","103739.74070375999","726.8","49.77007105410721","15.239519896413553","6.94407380682387","1434.83","2836.55","4331.05","2471.41",,,,"40.415477362591325","1","33.19354684251139","24.245317860882952","39.1938192305665","39.01","70","42","4.67777777777778","51","15.71271326362136","86.20689655172414","13.793103448275861","29","0","25","-976.31","6152.150000000001","1036.58","5576.539999999999","14939.320000000002","142.3432227","142.34","2235.19","20220.72","726.82"
United Spirits Limited,UNITDSPR,"Alcoholic Beverages","103523.84690749","1423.8","56.324182212997826","21.54621651720298","11.557870593668639","1278","413","3134","1459","22.176491654521246","36.77549583508601","-4.301172479557325","9.814647344003792","2","11.459016526148801","97.76885208365135","193.96719384483862","26.65","78","41","2.9125","48","9.917123191459478","79.16666666666667","20.833333333333332","24","0","19","-1450","4240","181","9862","8957","72.7350853","145","4818","14451","3609"
HDFC Asset Management Company Ltd,HDFCAMC,"Asset Management","102132.34092594","2378","35.734848437730506","32.929424438466","11.066805753560356","2505.19","0","54.74","2527.81",,,,,"5","8.192232481942963","11.538617974124875",,"69.91","94","22",,"27","30.36164844407065","92.5925925925926","7.407407407407407","27","0","25","-1885.78","8242.66","22.62","355.09000000000003","9228.710000000001","42.8400181","214.2","507.17999999999995","9991.44","158.58"
Max Healthcare Institute Limited,MAXHEALTH,"Hospitals & Diagnostic Centres","101808.2522546","1014","70.58204827656485","14.332728853558578","9.473504927088774","148.78999999999996","3478.36","700.6","1633.32","52.59530272264526",,"69.1768633737919","26.651663195340692","10","22.676370196968687","35.427714393157494","20.953777618087994","28.77","47","23","6.05","34","14.398422090729783","83.33333333333333","12.5","24","4.166666666666667","20","59.27","4533.29","1484.53","1944.79","10746.63","97.3135041","973.13","2186.94","17184.45","969.75"
Dr. Reddy's Laboratories Limited,DRREDDY,"Pharmaceuticals","99991.954545","1201","23.830303752383227","11.629985739686216","2.615474774200974","1833.1999999999998","7734.1","7172","5673.7","13.203074833558048","16.44939378389598","9.706492894062801","12.58756654978308","1","4.623478005609538","99.72871521441607","203.79647560763428","14.99","46","33",,"21","2.8309741881765196","50","33.333333333333336","30","16.666666666666668","15","829","37111.1","3840.5","30179.300000000003","38230.9","83.465697","83.5","16747.399999999998","56576.700000000004","10123.4"
Tata Consumer Products Ltd,TATACONSUM,"Tea & Coffee","97613.63511025","983.2","63.29095189668026","6.919376677353276","4.209505560439365","1973.28","2819.5099999999998","4288.69","2421.85","12.43182278857169","11.162976708513405","7.8941696426485075","11.71533344669642","1","3.5339909584122475","17.925870152549557","124.0903745846138","77.81","35","17","6.21791044776119","25","36.79820992676972","85.18518518518519","11.11111111111111","27","3.7037037037037037","23","-1075.39","11702.279999999999","448.57","10317.09","23188.86","98.956178","98.96","6578.56","34278.74","1148.33"
Ambuja Cements Ltd,AMBUJACEM,"Cement","95441.82811426","383.8","20.185743375730205","6.963788280322749","1.3284178561642195","-982.8000000000002","865.93","958.6","5361.53","1.8783015967992478","6.477279831438509",,"7.1875162147761795","2","-1.345692250937347","15.206563732607533","93.67759296383637","62.21",,"35","5.26486486486487","8","26.498176133402808","68.42105263157895","26.31578947368421","38","5.2631578947368425","26","-1629.4","25943.480000000003","6344.33","13715.93","71846.24","247.1823478","494.36","13096.24","89573.94","1868.47"
Godrej Consumer Products Ltd,GODREJCP,"FMCG - Personal Products","89539.1833875","880","48.10133033973151","15.098996750195788","7.076546053489502","1918.9399999999998","4415.81","2857.79","2488.47","5.739461899617404","1.569012588368568","4.160512280898754","8.485189189954156","1","-3.316542954103796","39.865787582076216","73.44807263855404","79.43","60","11","4.78333333333333","5","36.93181818181818","81.81818181818181","18.181818181818183","33","0","27","-2387.64","11058.72","569.53","7019.85","12652.949999999999","102.3275705","107.03","7707.16","20942.04","1836.72"
Mazagon Dock Shipbuilders Ltd,MAZDOCK,"Shipbuilding","88824.276","2199.6","34.38443368289029","28.824881206032842","8.896653348704577","-2717.9300000000003","447.37","13096.49","-2653.88","38.267115666460484","49.79014783025981",,"25.072106743530842","5","77.16337902083887","47.385691492332306","180.02747017814383","31","90","24",,"22","11.838516093835247","46.15384615384615","15.384615384615385","13","38.46153846153846","6","-931.22","9553.19","64.05","22271.600000000002","9984.01","40.338","201.69","15872.099999999999","27474.33","2605.69"
REC Limited,RECLTD,"Specialized Finance","81169.1298","312.95","4.977206504469848","19.957320073626413","0.9543201739122252","5947.74","514725.19","1611.09","5971.57","14.018968239017893","14.248608939796492",,"10.881785173625037","10","22.284618157691625","1.6170504466415723",,"77.61","3","58","5.75454545454545","20","34.206742291100824","76.92307692307692","23.076923076923077","13","0","10","-2375.02","80285.25","23.83","46800.67","85054.4","263.3224","3191.62","48722.05","640157.9999999999","293.21"
Shree Cement Ltd,SHREECEM,"Cement","80640.47178","22520","46.25047132304016","7.76768926213502","3.458869833761615","1884.91","1868.1399999999999","8694.390000000001","3794.07","3.2404841470072165","-5.272282307765219","-2.2614574488932893","9.067323537069093","10","-5.199777550746287","27.271054836305733","131.93301754259573","64.34","35","12","6.25405405405405","13","26.55417406749556","64.70588235294117","23.529411764705884","34","11.764705882352942","22","-109.81","20822.82","1909.16","15102.49","23314.11","3.6080748","36.08","6989.280000000001","31447.71","1826.88"